{
    "box": [
        [
            187.115966796875,
            342.6524658203125,
            230.80844116210938,
            388.5562744140625
        ],
        [
            156.36099243164062,
            277.341796875,
            183.10382080078125,
            307.24139404296875
        ],
        [
            186.01968383789062,
            297.0543212890625,
            218.422607421875,
            331.44500732421875
        ],
        [
            115.08865356445312,
            221.91275024414062,
            148.85406494140625,
            250.93560791015625
        ],
        [
            124.09809112548828,
            341.0745849609375,
            160.1956329345703,
            371.81134033203125
        ],
        [
            91.5291519165039,
            328.0288391113281,
            124.01551055908203,
            365.1835021972656
        ],
        [
            75.08524322509766,
            305.3621826171875,
            107.84978485107422,
            340.3470458984375
        ],
        [
            173.73959350585938,
            222.7662811279297,
            220.49856567382812,
            256.4735107421875
        ],
        [
            155.3787841796875,
            218.87461853027344,
            184.17593383789062,
            250.7897491455078
        ],
        [
            123.02230834960938,
            311.970703125,
            161.67938232421875,
            349.11187744140625
        ],
        [
            196.8871307373047,
            248.5451202392578,
            235.52919006347656,
            288.34906005859375
        ],
        [
            98.82263946533203,
            250.66854858398438,
            135.10304260253906,
            288.0614929199219
        ],
        [
            122.75394439697266,
            282.3806457519531,
            152.66004943847656,
            314.7492370605469
        ],
        [
            85.18195343017578,
            281.8657531738281,
            122.61324310302734,
            310.0885925292969
        ],
        [
            180.17526245117188,
            271.82861328125,
            214.67221069335938,
            309.3604736328125
        ],
        [
            142.29339599609375,
            252.99343872070312,
            181.13400268554688,
            281.7571105957031
        ]
    ],
    "score": [
        0.9944701194763184,
        0.9932178854942322,
        0.9902430176734924,
        0.9897117614746094,
        0.9870743751525879,
        0.9822180867195129,
        0.9717891216278076,
        0.9674647450447083,
        0.964085042476654,
        0.9557448625564575,
        0.9334716200828552,
        0.9190395474433899,
        0.8976450562477112,
        0.8653368949890137,
        0.8070546388626099,
        0.7382538914680481
    ],
    "num": 16
}
