{
    "box": [
        [
            122.35113525390625,
            211.51553344726562,
            155.73861694335938,
            250.89862060546875
        ],
        [
            156.1138153076172,
            181.26992797851562,
            193.90419006347656,
            225.214599609375
        ],
        [
            194.41500854492188,
            187.02749633789062,
            238.9588623046875,
            225.66464233398438
        ],
        [
            86.9001235961914,
            213.0675048828125,
            118.40764617919922,
            250.641357421875
        ],
        [
            118.91751861572266,
            345.0664367675781,
            153.1075439453125,
            383.9049987792969
        ],
        [
            244.7126007080078,
            253.64369201660156,
            282.96746826171875,
            297.8321533203125
        ],
        [
            126.70171356201172,
            281.5789794921875,
            166.3561553955078,
            315.12548828125
        ],
        [
            190.56771850585938,
            282.0964660644531,
            229.14022827148438,
            323.8771057128906
        ],
        [
            49.33998107910156,
            249.0850372314453,
            81.91293334960938,
            286.30511474609375
        ],
        [
            222.90487670898438,
            237.5083465576172,
            266.7276611328125,
            270.1191101074219
        ],
        [
            172.18521118164062,
            319.7756042480469,
            219.62353515625,
            353.5106506347656
        ],
        [
            49.27735137939453,
            281.10784912109375,
            92.06607818603516,
            313.44232177734375
        ],
        [
            148.07379150390625,
            225.92962646484375,
            184.40533447265625,
            261.0650939941406
        ],
        [
            134.13681030273438,
            316.7731018066406,
            168.47613525390625,
            353.2043151855469
        ],
        [
            161.8346405029297,
            350.2115478515625,
            207.0545196533203,
            393.97125244140625
        ],
        [
            79.92241668701172,
            253.0375213623047,
            113.64102935791016,
            292.1021728515625
        ]
    ],
    "score": [
        0.9936855435371399,
        0.9936204552650452,
        0.9935188889503479,
        0.9909492135047913,
        0.9869288206100464,
        0.9867196679115295,
        0.9865800738334656,
        0.9816261529922485,
        0.98139888048172,
        0.9778148531913757,
        0.9756302237510681,
        0.9727168679237366,
        0.9722737669944763,
        0.9707870483398438,
        0.966888964176178,
        0.9647008180618286
    ],
    "num": 16
}
