{
    "box": [
        [ 151.99595642089844, 200.21311950683594, 185.02867126464844, 233.80335998535156 ],
        [ 191.62158203125, 255.98434448242188, 222.81268310546875, 295.2178039550781 ],
        [ 109.8372802734375, 264.0700988769531, 142.78001403808594, 300.3717346191406 ],
        [ 86.41169738769531, 171.8638153076172, 118.72148132324219, 200.12425231933594 ],
        [ 226.8423614501953, 298.0400695800781, 262.8113708496094, 338.0657653808594 ],
        [ 198.98434448242188, 149.86865234375, 238.46035766601562, 194.94931030273438 ],
        [ 71.49873352050781, 329.76153564453125, 108.39166259765625, 356.10919189453125 ],
        [ 102.0519790649414, 210.84092712402344, 132.60775756835938, 242.69956970214844 ],
        [ 160.37977600097656, 249.97238159179688, 191.1114959716797, 281.2330017089844 ],
        [ 133.25259399414062, 166.4743194580078, 165.72479248046875, 198.74403381347656 ],
        [ 149.3738250732422, 278.7403259277344, 178.8730926513672, 311.7408142089844 ],
        [ 78.59090423583984, 206.3265380859375, 108.9533920288086, 243.38018798828125 ],
        [ 198.98870849609375, 310.6680603027344, 233.21990966796875, 353.0900573730469 ],
        [ 212.92129516601562, 217.26841735839844, 253.87905883789062, 255.7563018798828 ],
        [ 52.7425537109375, 257.4921875, 86.16783142089844, 294.19873046875 ],
        [ 58.83669662475586, 285.6371154785156, 97.06590270996094, 314.4434509277344 ],
        [ 185.7089080810547, 203.97412109375, 214.1276397705078, 234.80255126953125 ],
        [ 187.1773223876953, 332.03143310546875, 216.57298278808594, 366.1619873046875 ]
    ],
    "score": [
        0.9947375655174255, 0.994503378868103, 0.9939809441566467, 0.9924004077911377,
        0.9901095628738403, 0.9851013422012329, 0.9831355214118958, 0.9804888963699341,
        0.9791953563690186, 0.9757894277572632, 0.9753807187080383, 0.9718956351280212,
        0.9673637747764587, 0.965853750705719, 0.9548420310020447, 0.9512738585472107,
        0.9452968835830688, 0.944857120513916
    ],
    "num": 18.0
}
