{
    "box": [
        [240.63089 , 138.65698 , 274.2332  , 176.77603 ],
        [ 92.95474 , 255.5938  , 141.03699 , 295.68317 ],
        [ 40.515312, 196.4466  ,  91.98011 , 235.71976 ],
        [ 47.716682, 274.28128 , 103.07934 , 326.30844 ],
        [171.07863 , 199.47855 , 220.8806  , 235.88306 ],
        [ 44.32505 , 164.75882 ,  85.90031 , 209.03476 ],
        [ 83.11614 , 215.95207 , 122.85424 , 257.889   ],
        [208.96007 , 221.55188 , 255.1804  , 266.77414 ],
        [144.83377 , 135.47067 , 183.2348  , 177.23495 ],
        [ 89.013664, 176.06374 , 138.5839  , 214.26134 ],
        [138.31921 , 225.80386 , 188.25385 , 270.4414  ],
        [143.52641 , 276.1656  , 183.39378 , 319.17816 ],
        [115.33575 , 199.45418 , 156.49245 , 230.1924  ],
        [174.87631 , 167.32413 , 225.49841 , 200.94904 ],
        [203.7161  , 133.21898 , 243.46902 , 178.846   ],
        [103.651184, 148.26445 , 147.49716 , 180.63066 ],
        [138.03012 , 168.15704 , 166.47266 , 199.41272 ]
    ], 
   "num": 17,
   "score": [
       0.99320716, 0.98997307, 0.98871696, 0.98814094, 0.9880072 ,
       0.98756367, 0.9874663 , 0.98720247, 0.9858273 , 0.98529273,
       0.9820546 , 0.9814571 , 0.97602034, 0.975522  , 0.9698214 ,
       0.9588691 , 0.9366849 ]
}
