{
    "box": [
        [
            85.03108215332031,
            263.079833984375,
            121.78262329101562,
            300.18975830078125
        ],
        [
            117.67184448242188,
            309.5799865722656,
            150.94882202148438,
            345.2472229003906
        ],
        [
            132.83924865722656,
            211.15745544433594,
            169.9098358154297,
            247.28038024902344
        ],
        [
            194.37916564941406,
            321.3719482421875,
            233.37278747558594,
            359.48577880859375
        ],
        [
            146.9396514892578,
            332.1332092285156,
            182.78627014160156,
            368.1062927246094
        ],
        [
            169.6758270263672,
            205.60682678222656,
            201.05198669433594,
            239.21702575683594
        ],
        [
            110.410400390625,
            227.71829223632812,
            135.115966796875,
            260.3342590332031
        ],
        [
            204.88214111328125,
            265.4405517578125,
            252.576416015625,
            297.931396484375
        ],
        [
            158.74586486816406,
            305.3014221191406,
            196.3025360107422,
            336.1943054199219
        ],
        [
            172.72653198242188,
            263.53900146484375,
            212.67709350585938,
            304.58880615234375
        ],
        [
            180.10809326171875,
            236.9440460205078,
            227.86642456054688,
            269.1502685546875
        ],
        [
            197.94204711914062,
            295.39056396484375,
            242.05917358398438,
            328.34429931640625
        ],
        [
            138.3915557861328,
            245.41925048828125,
            172.7423553466797,
            273.982421875
        ],
        [
            109.46636962890625,
            270.5828857421875,
            146.48309326171875,
            308.1273193359375
        ],
        [
            140.57058715820312,
            279.3084716796875,
            176.14309692382812,
            313.8309326171875
        ]
    ],
    "score": [
        0.9927223324775696,
        0.9878865480422974,
        0.9868558049201965,
        0.9857668876647949,
        0.984549880027771,
        0.9813619256019592,
        0.9628488421440125,
        0.9626938700675964,
        0.9600012302398682,
        0.9590170979499817,
        0.9573734998703003,
        0.9500399827957153,
        0.9285784959793091,
        0.9094899892807007,
        0.8751766681671143
    ],
    "num": 15
}
