{
    "box": [
        [
            33.558074951171875,
            158.8535919189453,
            82.15544891357422,
            208.29063415527344
        ],
        [
            61.674217224121094,
            232.32061767578125,
            105.39997100830078,
            278.33856201171875
        ],
        [
            222.39730834960938,
            199.23936462402344,
            263.7774658203125,
            240.3400115966797
        ],
        [
            77.63764953613281,
            178.77581787109375,
            112.45921325683594,
            226.47366333007812
        ],
        [
            84.4517822265625,
            137.20864868164062,
            130.7685089111328,
            171.68292236328125
        ],
        [
            81.03632354736328,
            106.87489318847656,
            127.76909637451172,
            142.11167907714844
        ],
        [
            186.65017700195312,
            252.77407836914062,
            228.82470703125,
            297.1205139160156
        ],
        [
            115.24114990234375,
            250.50611877441406,
            168.09518432617188,
            304.2652282714844
        ],
        [
            176.91302490234375,
            179.71142578125,
            217.05413818359375,
            222.2174072265625
        ],
        [
            143.2444610595703,
            112.143798828125,
            188.8660430908203,
            157.90969848632812
        ],
        [
            175.02125549316406,
            226.27012634277344,
            224.2367401123047,
            259.9898986816406
        ],
        [
            101.5080337524414,
            197.1017303466797,
            148.368896484375,
            239.1217498779297
        ],
        [
            100.4303970336914,
            169.00978088378906,
            147.60647583007812,
            201.8400115966797
        ],
        [
            124.3089599609375,
            137.71400451660156,
            158.69448852539062,
            178.2498016357422
        ],
        [
            140.97789001464844,
            207.09213256835938,
            180.0178680419922,
            252.736328125
        ],
        [
            154.853759765625,
            161.11129760742188,
            187.66424560546875,
            207.07992553710938
        ]
    ],
    "score": [
        0.9937840700149536,
        0.9912524819374084,
        0.9901211261749268,
        0.988174557685852,
        0.9819949269294739,
        0.9806503653526306,
        0.9803199768066406,
        0.9800148010253906,
        0.9797021746635437,
        0.971282422542572,
        0.968278706073761,
        0.9676806926727295,
        0.9582950472831726,
        0.9420241117477417,
        0.9320687055587769,
        0.8746551275253296
    ],
    "num": 16
}
