{
    "score": [
        0.99376315, 0.9924096 , 0.99058694, 0.9891595 , 0.98688334,
        0.9847393 , 0.98387754, 0.98349124, 0.98237693, 0.98157686,
        0.97966504, 0.9640582 , 0.95745754, 0.9480827 , 0.9147915 ,
        0.87076694
    ],
    "box": [
        [105.35407 , 220.16888 , 142.27365 , 253.54562 ],
        [144.61871 , 334.686   , 178.30307 , 369.72153 ],
        [ 77.04258 , 298.5391  , 110.082085, 332.67337 ],
        [120.41357 , 299.68234 , 157.04593 , 339.6141  ],
        [ 73.16125 , 186.8345  , 112.164314, 218.94992 ],
        [175.81445 , 194.47493 , 207.36923 , 226.52199 ],
        [189.32181 , 263.03244 , 228.95563 , 298.04526 ],
        [204.5486  , 186.05768 , 240.22765 , 228.0816  ],
        [ 71.54231 , 229.05449 , 103.9706  , 258.76663 ],
        [161.97688 , 253.59967 , 192.92015 , 279.67688 ],
        [220.84744 , 231.03836 , 260.17743 , 270.00204 ],
        [192.40393 , 232.61362 , 226.21808 , 264.78802 ],
        [162.97263 , 283.9354  , 195.50037 , 318.24063 ],
        [ 69.55261 , 250.90367 ,  98.32953 , 284.81512 ],
        [114.885124, 263.84326 , 148.33325 , 303.2525  ],
        [108.31772 , 244.39583 , 143.98837 , 279.82227 ]
    ]
}
