{
    "box": [
        [
            131.4987030029297,
            337.49053955078125,
            171.5202178955078,
            375.89300537109375
        ],
        [
            90.53327941894531,
            289.078857421875,
            121.06341552734375,
            325.489990234375
        ],
        [
            205.9105682373047,
            301.4096984863281,
            242.74302673339844,
            339.9715270996094
        ],
        [
            133.33250427246094,
            210.4102020263672,
            178.5406036376953,
            245.04161071777344
        ],
        [
            116.19548797607422,
            307.382568359375,
            157.23080444335938,
            341.1854248046875
        ],
        [
            99.40735626220703,
            221.1243133544922,
            139.50961303710938,
            259.9368896484375
        ],
        [
            170.89552307128906,
            213.25389099121094,
            208.95494079589844,
            249.68309020996094
        ],
        [
            148.5762176513672,
            277.5533752441406,
            184.88780212402344,
            314.1376037597656
        ],
        [
            128.9657440185547,
            247.99078369140625,
            162.6678924560547,
            284.0166015625
        ],
        [
            154.97930908203125,
            305.70281982421875,
            190.14959716796875,
            344.038330078125
        ],
        [
            65.99755096435547,
            268.4075622558594,
            98.83821868896484,
            301.7707824707031
        ],
        [
            102.83610534667969,
            256.7474670410156,
            131.33331298828125,
            286.2912902832031
        ],
        [
            190.33360290527344,
            283.2745666503906,
            217.6251983642578,
            311.7900695800781
        ],
        [
            190.8687744140625,
            240.2029266357422,
            227.25323486328125,
            283.81024169921875
        ],
        [
            158.1496124267578,
            244.3207244873047,
            189.69358825683594,
            279.05462646484375
        ],
        [
            70.84947967529297,
            242.19320678710938,
            107.86304473876953,
            286.4070129394531
        ]
    ],
    "score": [
        0.9923007488250732,
        0.9883725047111511,
        0.9874375462532043,
        0.9861090779304504,
        0.9793965816497803,
        0.9786414504051208,
        0.962981641292572,
        0.9592930674552917,
        0.9548217058181763,
        0.954142153263092,
        0.9458107948303223,
        0.9434377551078796,
        0.9414499402046204,
        0.885430097579956,
        0.8567397594451904,
        0.8343693017959595
    ],
    "num": 16
}
