{
    "box": [
        [
            62.91127395629883,
            267.7799987792969,
            94.37313842773438,
            302.6800842285156
        ],
        [
            77.04638671875,
            230.3012237548828,
            114.11038208007812,
            265.4967346191406
        ],
        [
            111.55281066894531,
            321.9550476074219,
            149.67649841308594,
            367.7186584472656
        ],
        [
            112.79175567626953,
            210.94207763671875,
            148.3765869140625,
            240.56704711914062
        ],
        [
            197.07028198242188,
            355.3389587402344,
            231.84085083007812,
            392.8204650878906
        ],
        [
            164.128173828125,
            324.23126220703125,
            201.629638671875,
            364.00048828125
        ],
        [
            173.9829864501953,
            289.951904296875,
            217.6692657470703,
            323.22015380859375
        ],
        [
            148.67576599121094,
            210.3968048095703,
            184.1719512939453,
            244.7569122314453
        ],
        [
            149.2666473388672,
            265.73699951171875,
            186.6697235107422,
            309.16204833984375
        ],
        [
            161.35205078125,
            243.9667205810547,
            209.943115234375,
            278.68316650390625
        ],
        [
            141.49554443359375,
            360.8208312988281,
            173.32687377929688,
            394.6943054199219
        ],
        [
            132.89869689941406,
            302.3111877441406,
            166.0423126220703,
            342.3445739746094
        ],
        [
            87.41249084472656,
            314.5491027832031,
            118.73890686035156,
            349.7154846191406
        ],
        [
            95.43074035644531,
            256.9644470214844,
            131.5689239501953,
            299.5196838378906
        ],
        [
            98.52006530761719,
            296.1581726074219,
            135.5299835205078,
            322.8144836425781
        ],
        [
            59.58473587036133,
            241.7593994140625,
            89.16766357421875,
            268.6244812011719
        ]
    ],
    "score": [
        0.9948731064796448,
        0.9895877838134766,
        0.9890734553337097,
        0.9881637692451477,
        0.9818471074104309,
        0.978851318359375,
        0.970382571220398,
        0.9678529500961304,
        0.9673467874526978,
        0.9603627324104309,
        0.9590266346931458,
        0.9501977562904358,
        0.94078129529953,
        0.9311197996139526,
        0.8142226934432983,
        0.734394371509552
    ],
    "num": 16
}
